Image,label
maksssksksss106.png,0
maksssksksss101.png,0
maksssksksss143.png,0
maksssksksss130.png,2
maksssksksss111.png,0
maksssksksss118.png,0
maksssksksss136.png,0
maksssksksss105.png,0
maksssksksss100.png,0
maksssksksss121.png,1
maksssksksss142.png,0
maksssksksss12.png,0
maksssksksss10.png,0
maksssksksss104.png,1
maksssksksss131.png,0
maksssksksss132.png,2
maksssksksss11.png,2
maksssksksss115.png,0
maksssksksss102.png,0
maksssksksss122.png,0
maksssksksss116.png,0
maksssksksss139.png,0
maksssksksss107.png,0
maksssksksss124.png,0
maksssksksss135.png,0
maksssksksss1.png,0
maksssksksss123.png,0
maksssksksss126.png,0
maksssksksss141.png,0
maksssksksss145.png,2
maksssksksss112.png,2
maksssksksss110.png,1
maksssksksss128.png,1
maksssksksss13.png,0
maksssksksss119.png,0
maksssksksss129.png,1
maksssksksss117.png,0
maksssksksss108.png,0
maksssksksss133.png,0
maksssksksss140.png,0
maksssksksss0.png,1
maksssksksss103.png,0
maksssksksss127.png,0
maksssksksss214.png,0
maksssksksss217.png,1
maksssksksss171.png,0
maksssksksss162.png,0
maksssksksss204.png,0
maksssksksss180.png,0
maksssksksss228.png,0
maksssksksss167.png,0
maksssksksss165.png,0
maksssksksss224.png,0
maksssksksss172.png,1
maksssksksss182.png,1
maksssksksss22.png,0
maksssksksss177.png,0
maksssksksss178.png,0
maksssksksss203.png,0
maksssksksss194.png,0
maksssksksss149.png,0
maksssksksss211.png,0
maksssksksss173.png,0
maksssksksss190.png,0
maksssksksss17.png,0
maksssksksss227.png,0
maksssksksss176.png,0
maksssksksss186.png,0
maksssksksss166.png,0
maksssksksss183.png,0
maksssksksss185.png,0
maksssksksss20.png,0
maksssksksss229.png,0
maksssksksss201.png,0
maksssksksss19.png,1
maksssksksss222.png,0
maksssksksss179.png,0
maksssksksss200.png,0
maksssksksss2.png,0
maksssksksss191.png,0
maksssksksss168.png,1
maksssksksss216.png,0
maksssksksss150.png,0
maksssksksss174.png,0
maksssksksss193.png,0
maksssksksss210.png,0
maksssksksss157.png,0
maksssksksss220.png,0
maksssksksss187.png,0
maksssksksss202.png,0
maksssksksss197.png,0
maksssksksss151.png,1
maksssksksss225.png,0
maksssksksss154.png,1
maksssksksss156.png,0
maksssksksss212.png,0
maksssksksss196.png,0
maksssksksss169.png,0
maksssksksss209.png,1
maksssksksss221.png,0
maksssksksss155.png,0
maksssksksss206.png,0
maksssksksss181.png,0
maksssksksss198.png,0
maksssksksss188.png,0
maksssksksss205.png,0
maksssksksss146.png,0
maksssksksss160.png,0
maksssksksss21.png,0
maksssksksss153.png,0
maksssksksss189.png,1
maksssksksss215.png,0
maksssksksss163.png,0
maksssksksss159.png,0
maksssksksss226.png,0
maksssksksss18.png,0
maksssksksss192.png,0
maksssksksss23.png,0
maksssksksss213.png,0
maksssksksss175.png,0
maksssksksss208.png,0
maksssksksss184.png,0
maksssksksss219.png,0
maksssksksss231.png,0
maksssksksss286.png,0
maksssksksss235.png,0
maksssksksss233.png,0
maksssksksss246.png,0
maksssksksss25.png,0
maksssksksss294.png,0
maksssksksss243.png,0
maksssksksss248.png,1
maksssksksss258.png,2
maksssksksss232.png,0
maksssksksss292.png,0
maksssksksss259.png,0
maksssksksss289.png,1
maksssksksss291.png,0
maksssksksss247.png,0
maksssksksss281.png,0
maksssksksss288.png,0
maksssksksss273.png,0
maksssksksss257.png,0
maksssksksss272.png,2
maksssksksss249.png,0
maksssksksss266.png,0
maksssksksss29.png,0
maksssksksss296.png,1
maksssksksss240.png,1
maksssksksss268.png,0
maksssksksss234.png,0
maksssksksss267.png,0
maksssksksss270.png,0
maksssksksss24.png,2
maksssksksss254.png,1
maksssksksss280.png,0
maksssksksss285.png,0
maksssksksss264.png,0
maksssksksss293.png,0
maksssksksss284.png,0
maksssksksss27.png,0
maksssksksss251.png,0
maksssksksss230.png,0
maksssksksss276.png,2
maksssksksss274.png,0
maksssksksss271.png,0
maksssksksss26.png,0
maksssksksss277.png,0
maksssksksss262.png,0
maksssksksss239.png,1
maksssksksss263.png,1
maksssksksss279.png,0
maksssksksss282.png,0
maksssksksss242.png,0
maksssksksss237.png,0
maksssksksss260.png,0
maksssksksss253.png,0
maksssksksss238.png,0
maksssksksss252.png,0
maksssksksss261.png,0
maksssksksss323.png,0
maksssksksss317.png,0
maksssksksss315.png,0
maksssksksss321.png,1
maksssksksss322.png,0
maksssksksss299.png,1
maksssksksss311.png,0
maksssksksss344.png,0
maksssksksss318.png,0
maksssksksss308.png,0
maksssksksss31.png,0
maksssksksss307.png,2
maksssksksss324.png,0
maksssksksss348.png,1
maksssksksss3.png,0
maksssksksss334.png,0
maksssksksss300.png,0
maksssksksss35.png,0
maksssksksss297.png,0
maksssksksss332.png,0
maksssksksss338.png,0
maksssksksss358.png,0
maksssksksss349.png,0
maksssksksss346.png,0
maksssksksss312.png,0
maksssksksss33.png,0
maksssksksss32.png,0
maksssksksss326.png,0
maksssksksss337.png,0
maksssksksss310.png,0
maksssksksss304.png,0
maksssksksss345.png,0
maksssksksss327.png,1
maksssksksss341.png,0
maksssksksss314.png,0
maksssksksss298.png,0
maksssksksss302.png,0
maksssksksss356.png,0
maksssksksss350.png,0
maksssksksss320.png,1
maksssksksss357.png,0
maksssksksss305.png,0
maksssksksss347.png,1
maksssksksss306.png,0
maksssksksss303.png,0
maksssksksss313.png,0
maksssksksss336.png,1
maksssksksss319.png,0
maksssksksss353.png,0
maksssksksss343.png,1
maksssksksss354.png,0
maksssksksss329.png,0
maksssksksss351.png,0
maksssksksss30.png,0
maksssksksss316.png,1
maksssksksss328.png,0
maksssksksss355.png,0
maksssksksss333.png,0
maksssksksss339.png,0
maksssksksss352.png,0
maksssksksss371.png,2
maksssksksss372.png,0
maksssksksss430.png,0
maksssksksss373.png,0
maksssksksss409.png,0
maksssksksss410.png,0
maksssksksss370.png,1
maksssksksss399.png,0
maksssksksss402.png,1
maksssksksss426.png,0
maksssksksss433.png,0
maksssksksss365.png,0
maksssksksss387.png,0
maksssksksss380.png,0
maksssksksss406.png,2
maksssksksss368.png,0
maksssksksss36.png,0
maksssksksss391.png,0
maksssksksss369.png,0
maksssksksss364.png,0
maksssksksss4.png,0
maksssksksss413.png,0
maksssksksss367.png,0
maksssksksss424.png,1
maksssksksss400.png,0
maksssksksss396.png,0
maksssksksss412.png,0
maksssksksss427.png,0
maksssksksss386.png,2
maksssksksss428.png,0
maksssksksss408.png,0
maksssksksss384.png,0
maksssksksss379.png,1
maksssksksss40.png,0
maksssksksss397.png,0
maksssksksss41.png,0
maksssksksss416.png,0
maksssksksss390.png,0
maksssksksss431.png,2
maksssksksss432.png,0
maksssksksss361.png,1
maksssksksss414.png,0
maksssksksss366.png,0
maksssksksss37.png,0
maksssksksss411.png,0
maksssksksss401.png,1
maksssksksss376.png,0
maksssksksss425.png,0
maksssksksss420.png,1
maksssksksss375.png,1
maksssksksss362.png,0
maksssksksss436.png,0
maksssksksss407.png,0
maksssksksss377.png,0
maksssksksss392.png,0
maksssksksss429.png,0
maksssksksss403.png,0
maksssksksss38.png,0
maksssksksss378.png,0
maksssksksss374.png,0
maksssksksss398.png,0
maksssksksss417.png,0
maksssksksss394.png,0
maksssksksss393.png,0
maksssksksss383.png,0
maksssksksss421.png,0
maksssksksss415.png,0
maksssksksss359.png,0
maksssksksss389.png,0
maksssksksss488.png,0
maksssksksss468.png,0
maksssksksss458.png,1
maksssksksss450.png,0
maksssksksss45.png,1
maksssksksss445.png,0
maksssksksss481.png,0
maksssksksss48.png,1
maksssksksss498.png,0
maksssksksss461.png,0
maksssksksss457.png,0
maksssksksss473.png,1
maksssksksss469.png,0
maksssksksss49.png,0
maksssksksss454.png,0
maksssksksss496.png,2
maksssksksss464.png,0
maksssksksss443.png,1
maksssksksss437.png,0
maksssksksss446.png,0
maksssksksss455.png,1
maksssksksss442.png,1
maksssksksss439.png,0
maksssksksss44.png,0
maksssksksss438.png,0
maksssksksss444.png,1
maksssksksss467.png,0
maksssksksss484.png,2
maksssksksss477.png,1
maksssksksss478.png,0
maksssksksss472.png,0
maksssksksss480.png,0
maksssksksss462.png,0
maksssksksss453.png,1
maksssksksss440.png,0
maksssksksss499.png,1
maksssksksss489.png,0
maksssksksss475.png,0
maksssksksss471.png,0
maksssksksss452.png,0
maksssksksss47.png,0
maksssksksss493.png,0
maksssksksss476.png,0
maksssksksss456.png,0
maksssksksss482.png,1
maksssksksss465.png,0
maksssksksss463.png,0
maksssksksss441.png,0
maksssksksss487.png,1
maksssksksss448.png,0
maksssksksss485.png,0
maksssksksss486.png,0
maksssksksss491.png,0
maksssksksss447.png,0
maksssksksss479.png,0
maksssksksss538.png,1
maksssksksss508.png,0
maksssksksss509.png,0
maksssksksss536.png,0
maksssksksss550.png,0
maksssksksss516.png,0
maksssksksss559.png,0
maksssksksss545.png,0
maksssksksss558.png,0
maksssksksss50.png,0
maksssksksss514.png,0
maksssksksss534.png,0
maksssksksss517.png,0
maksssksksss539.png,0
maksssksksss551.png,0
maksssksksss521.png,1
maksssksksss532.png,0
maksssksksss537.png,1
maksssksksss525.png,2
maksssksksss528.png,1
maksssksksss54.png,0
maksssksksss510.png,0
maksssksksss549.png,0
maksssksksss506.png,0
maksssksksss505.png,0
maksssksksss542.png,0
maksssksksss512.png,0
maksssksksss531.png,0
maksssksksss519.png,0
maksssksksss56.png,0
maksssksksss513.png,0
maksssksksss51.png,1
maksssksksss533.png,0
maksssksksss540.png,1
maksssksksss524.png,0
maksssksksss55.png,0
maksssksksss53.png,0
maksssksksss511.png,0
maksssksksss529.png,0
maksssksksss553.png,0
maksssksksss5.png,0
maksssksksss520.png,0
maksssksksss556.png,0
maksssksksss552.png,0
maksssksksss541.png,0
maksssksksss527.png,1
maksssksksss546.png,0
maksssksksss500.png,0
maksssksksss555.png,0
maksssksksss557.png,0
maksssksksss543.png,1
maksssksksss502.png,1
maksssksksss504.png,0
maksssksksss560.png,0
maksssksksss535.png,0
maksssksksss547.png,0
maksssksksss507.png,0
maksssksksss501.png,0
maksssksksss526.png,1
maksssksksss587.png,0
maksssksksss600.png,0
maksssksksss618.png,1
maksssksksss611.png,0
maksssksksss601.png,0
maksssksksss598.png,0
maksssksksss579.png,0
maksssksksss589.png,0
maksssksksss6.png,0
maksssksksss578.png,1
maksssksksss616.png,0
maksssksksss571.png,1
maksssksksss60.png,0
maksssksksss570.png,0
maksssksksss607.png,0
maksssksksss628.png,0
maksssksksss568.png,0
maksssksksss566.png,0
maksssksksss574.png,0
maksssksksss563.png,0
maksssksksss565.png,1
maksssksksss620.png,0
maksssksksss594.png,0
maksssksksss596.png,0
maksssksksss576.png,0
maksssksksss577.png,0
maksssksksss62.png,0
maksssksksss562.png,2
maksssksksss633.png,0
maksssksksss629.png,0
maksssksksss634.png,2
maksssksksss567.png,0
maksssksksss631.png,0
maksssksksss606.png,0
maksssksksss569.png,0
maksssksksss580.png,0
maksssksksss626.png,0
maksssksksss605.png,0
maksssksksss627.png,1
maksssksksss591.png,0
maksssksksss623.png,0
maksssksksss614.png,0
maksssksksss621.png,1
maksssksksss582.png,0
maksssksksss615.png,1
maksssksksss57.png,0
maksssksksss561.png,1
maksssksksss593.png,0
maksssksksss572.png,0
maksssksksss619.png,0
maksssksksss588.png,0
maksssksksss63.png,0
maksssksksss581.png,0
maksssksksss575.png,0
maksssksksss617.png,0
maksssksksss635.png,0
maksssksksss613.png,0
maksssksksss632.png,0
maksssksksss573.png,0
maksssksksss592.png,0
maksssksksss610.png,0
maksssksksss603.png,0
maksssksksss585.png,1
maksssksksss595.png,0
maksssksksss59.png,0
maksssksksss640.png,0
maksssksksss649.png,0
maksssksksss69.png,0
maksssksksss642.png,0
maksssksksss697.png,0
maksssksksss672.png,0
maksssksksss673.png,0
maksssksksss643.png,0
maksssksksss677.png,0
maksssksksss688.png,0
maksssksksss665.png,0
maksssksksss681.png,0
maksssksksss670.png,0
maksssksksss641.png,1
maksssksksss664.png,0
maksssksksss696.png,0
maksssksksss639.png,0
maksssksksss68.png,1
maksssksksss7.png,0
maksssksksss650.png,0
maksssksksss698.png,0
maksssksksss686.png,0
maksssksksss676.png,0
maksssksksss651.png,0
maksssksksss658.png,2
maksssksksss659.png,2
maksssksksss655.png,1
maksssksksss678.png,0
maksssksksss64.png,0
maksssksksss680.png,0
maksssksksss690.png,0
maksssksksss645.png,0
maksssksksss685.png,0
maksssksksss695.png,0
maksssksksss667.png,0
maksssksksss689.png,0
maksssksksss637.png,0
maksssksksss66.png,0
maksssksksss648.png,0
maksssksksss666.png,0
maksssksksss691.png,0
maksssksksss653.png,0
maksssksksss660.png,1
maksssksksss644.png,0
maksssksksss65.png,0
maksssksksss682.png,0
maksssksksss647.png,2
maksssksksss675.png,0
maksssksksss699.png,1
maksssksksss755.png,0
maksssksksss706.png,0
maksssksksss746.png,0
maksssksksss727.png,0
maksssksksss743.png,0
maksssksksss73.png,0
maksssksksss711.png,0
maksssksksss710.png,1
maksssksksss748.png,2
maksssksksss713.png,0
maksssksksss744.png,0
maksssksksss715.png,0
maksssksksss739.png,0
maksssksksss754.png,0
maksssksksss757.png,1
maksssksksss718.png,0
maksssksksss717.png,2
maksssksksss75.png,0
maksssksksss760.png,1
maksssksksss701.png,1
maksssksksss756.png,0
maksssksksss737.png,0
maksssksksss72.png,1
maksssksksss759.png,0
maksssksksss762.png,0
maksssksksss702.png,0
maksssksksss705.png,0
maksssksksss730.png,0
maksssksksss753.png,0
maksssksksss712.png,0
maksssksksss749.png,0
maksssksksss704.png,0
maksssksksss707.png,0
maksssksksss76.png,0
maksssksksss733.png,0
maksssksksss723.png,0
maksssksksss728.png,0
maksssksksss734.png,0
maksssksksss763.png,0
maksssksksss769.png,0
maksssksksss725.png,0
maksssksksss745.png,0
maksssksksss732.png,0
maksssksksss729.png,1
maksssksksss708.png,0
maksssksksss736.png,0
maksssksksss731.png,0
maksssksksss741.png,2
maksssksksss74.png,0
maksssksksss767.png,0
maksssksksss766.png,0
maksssksksss716.png,1
maksssksksss719.png,0
maksssksksss750.png,1
maksssksksss764.png,0
maksssksksss726.png,1
maksssksksss761.png,2
maksssksksss765.png,0
maksssksksss738.png,0
maksssksksss797.png,0
maksssksksss800.png,0
maksssksksss83.png,0
maksssksksss822.png,0
maksssksksss776.png,0
maksssksksss802.png,0
maksssksksss814.png,0
maksssksksss803.png,0
maksssksksss777.png,0
maksssksksss820.png,0
maksssksksss807.png,0
maksssksksss778.png,0
maksssksksss810.png,0
maksssksksss791.png,0
maksssksksss831.png,0
maksssksksss801.png,0
maksssksksss781.png,0
maksssksksss785.png,1
maksssksksss818.png,1
maksssksksss772.png,1
maksssksksss77.png,0
maksssksksss808.png,0
maksssksksss786.png,0
maksssksksss793.png,0
maksssksksss771.png,0
maksssksksss817.png,1
maksssksksss809.png,1
maksssksksss830.png,2
maksssksksss790.png,0
maksssksksss835.png,2
maksssksksss828.png,0
maksssksksss824.png,2
maksssksksss821.png,0
maksssksksss834.png,0
maksssksksss806.png,0
maksssksksss783.png,0
maksssksksss788.png,0
maksssksksss813.png,0
maksssksksss799.png,0
maksssksksss81.png,0
maksssksksss775.png,0
maksssksksss82.png,0
maksssksksss829.png,0
maksssksksss823.png,0
maksssksksss798.png,0
maksssksksss792.png,0
maksssksksss782.png,2
maksssksksss816.png,0
maksssksksss833.png,0
maksssksksss794.png,0
maksssksksss825.png,0
maksssksksss774.png,0
maksssksksss78.png,0
maksssksksss780.png,0
maksssksksss789.png,0
maksssksksss795.png,1
maksssksksss815.png,2
maksssksksss847.png,0
maksssksksss842.png,1
maksssksksss841.png,1
maksssksksss87.png,0
maksssksksss98.png,0
maksssksksss848.png,0
maksssksksss846.png,0
maksssksksss843.png,0
maksssksksss9.png,2
maksssksksss92.png,0
maksssksksss850.png,0
maksssksksss95.png,1
maksssksksss90.png,0
maksssksksss86.png,0
maksssksksss94.png,0
maksssksksss96.png,0
maksssksksss93.png,0
maksssksksss88.png,0
maksssksksss97.png,0
maksssksksss99.png,2
maksssksksss91.png,0
maksssksksss844.png,0
maksssksksss838.png,0
maksssksksss836.png,0
maksssksksss85.png,0
maksssksksss851.png,0
maksssksksss84.png,0
maksssksksss852.png,0
maksssksksss840.png,0
